"","Fis_mean","Fis_sterror","Ho_mean","Ho_sterror","He_mean","He_sterror","Pop"
"Japan",-0.0780703145917001,0.00639256685775754,0.237832383665717,0.0039451908313947,0.211647174738841,0.00283949388903282,"Japan"
"Philippines",0.0153709180868609,0.00587163488207089,0.244634377967711,0.0033439210952892,0.243565455840456,0.00254214251350851,"Philippines"
"Indonesia",-0.0152840415180019,0.00673450593152957,0.246040978157645,0.00374611428346496,0.240330175688509,0.00293040346786899,"Indonesia"
